,point_1,point_2,point_3,point_4,point_5,point_6,point_7,point_8,point_9,best_step
0,h,c,2,3,h,5,6,c,8,[8]
1,h,h,c,3,c,h,6,7,8,[6]
2,0,1,h,3,4,5,c,h,8,"[0, 1, 4]"
3,0,1,2,c,4,h,h,7,c,"[0, 1, 2, 4, 7]"
4,h,c,h,c,h,5,6,h,c,[6]
5,0,c,2,3,c,5,h,h,8,[8]
6,h,1,2,3,4,c,h,c,8,[3]
7,0,c,2,3,h,5,h,c,8,[2]
8,0,c,c,h,4,c,h,h,8,"[0, 8]"
9,0,1,c,3,c,h,6,7,h,[6]
10,0,1,2,3,c,5,h,h,8,[8]
11,h,h,c,3,4,c,c,7,h,[4]
12,c,1,h,h,h,c,6,h,c,"[1, 6]"
13,h,1,h,c,c,h,h,c,c,[1]
14,c,1,2,3,4,5,6,h,h,[6]
15,c,h,h,c,4,h,h,7,c,[4]
16,h,h,c,c,4,h,6,h,c,[4]
17,c,c,h,h,4,c,6,h,8,"[4, 6, 8]"
18,0,c,h,3,4,h,h,c,8,[4]
19,0,c,h,h,4,5,6,7,8,[4]
20,h,c,2,c,4,5,h,7,8,[4]
21,c,c,h,3,4,h,6,h,8,[8]
22,0,1,c,3,4,h,h,7,8,"[0, 3, 4]"
23,h,h,2,c,4,c,h,7,c,"[2, 4]"
24,0,h,c,3,h,h,6,c,8,[3]
25,c,c,h,c,4,h,h,7,8,"[4, 7, 8]"
26,0,1,2,c,h,5,h,c,h,"[0, 1, 2, 5]"
27,0,h,c,3,h,c,6,7,8,[8]
28,0,1,2,3,4,5,h,7,8,[4]
29,c,h,2,3,c,5,h,7,8,[8]
30,c,c,h,h,c,h,c,h,8,[8]
31,0,1,2,c,h,h,h,c,c,[2]
32,0,c,h,3,h,5,6,c,8,[6]
33,0,h,2,h,c,c,h,h,c,"[0, 2]"
34,0,c,2,c,h,h,6,7,h,"[0, 2, 6, 7]"
35,c,h,h,3,4,5,6,c,h,[5]
36,0,c,2,h,h,5,6,c,8,[5]
37,h,1,2,3,4,c,c,7,h,[4]
38,h,c,c,c,h,h,c,h,8,[8]
39,0,h,2,3,4,c,c,h,h,[4]
40,h,c,h,3,4,5,6,7,8,[4]
41,0,1,2,c,h,5,c,h,h,[0]
42,0,h,h,c,c,5,6,h,8,[5]
43,c,h,h,3,c,5,6,7,8,[8]
44,0,1,2,h,4,c,h,c,8,[0]
45,h,1,c,3,h,h,6,c,8,"[1, 3, 6, 8]"
46,h,1,c,3,h,5,c,h,8,"[1, 3, 5, 8]"
47,h,h,c,3,4,5,h,7,c,[5]
48,0,1,2,c,h,5,6,7,8,"[0, 1, 2, 6, 7, 8]"
49,0,h,c,h,c,c,h,c,h,[0]
50,h,c,2,3,4,h,6,7,8,[4]
51,h,c,c,c,4,h,h,h,c,[4]
52,h,h,2,h,4,c,c,h,c,[2]
53,c,c,h,h,4,5,c,7,h,[5]
54,c,1,h,h,c,c,h,c,h,[1]
55,h,c,c,h,4,h,c,c,h,[4]
56,0,h,2,h,h,c,c,7,8,[7]
57,0,1,2,h,c,5,6,7,h,"[0, 1, 6, 7]"
58,0,1,2,3,h,5,c,7,8,"[0, 1, 2, 3, 5, 7, 8]"
59,0,c,h,c,4,c,h,h,8,[4]
60,0,1,2,3,4,c,6,h,h,[6]
61,0,1,h,c,c,5,6,7,h,[5]
62,h,c,h,3,4,c,c,h,8,"[3, 4, 8]"
63,h,1,c,h,4,5,6,7,8,[6]
64,0,h,2,3,c,h,6,7,8,"[0, 2, 8]"
65,0,h,c,3,c,5,h,7,h,[7]
66,h,c,h,3,c,c,c,h,h,[3]
67,h,1,c,3,4,5,c,h,8,[4]
68,0,1,c,c,4,h,6,7,h,"[0, 6]"
69,0,h,2,c,4,c,6,h,h,[4]
70,0,1,2,c,4,5,h,h,8,[8]
71,h,1,2,h,4,c,6,c,h,"[1, 2, 4, 6]"
72,c,c,2,h,4,h,6,7,8,[2]
73,c,h,2,h,4,5,6,h,c,[4]
74,c,1,2,h,h,5,6,7,c,[5]
75,0,1,h,3,c,h,c,h,8,[8]
76,0,c,2,3,4,h,6,h,8,"[6, 8]"
77,c,h,2,c,h,h,6,c,8,[6]
78,c,h,c,3,4,h,6,h,8,[4]
79,0,h,h,c,h,h,6,c,c,[6]
80,0,c,h,3,h,5,c,c,h,"[0, 3, 5]"
81,h,1,2,3,c,5,c,7,h,[2]
82,0,1,h,h,4,c,6,h,c,"[0, 1, 4, 6]"
83,0,c,h,h,h,c,c,h,c,[0]
84,c,1,2,h,4,5,6,h,8,[2]
85,h,1,2,3,c,h,6,7,8,"[1, 2, 7, 8]"
86,c,h,2,3,h,h,6,c,c,[6]
87,h,c,c,3,4,5,h,h,8,"[3, 4, 5, 8]"
88,0,1,2,3,h,5,h,c,c,[2]
89,h,1,2,3,4,5,c,7,8,"[2, 7, 8]"
90,c,c,2,c,h,h,h,c,h,[2]
91,0,1,h,3,4,5,c,7,8,"[0, 8]"
92,h,1,2,c,4,5,h,c,h,[4]
93,c,h,2,c,h,c,h,7,h,"[2, 7]"
94,h,c,2,3,c,5,h,7,8,[7]
95,0,1,2,c,4,h,6,h,c,[0]
96,0,1,2,h,4,5,6,c,h,[4]
97,h,1,2,h,4,5,c,7,c,[7]
98,0,1,h,3,h,5,c,7,c,[7]
99,c,h,h,3,c,c,c,h,h,[3]
100,0,1,2,h,h,5,c,7,c,[7]
101,c,h,h,3,4,5,c,h,8,[3]
102,0,c,c,h,c,5,h,h,8,[0]
103,0,1,h,c,4,5,h,h,c,[4]
104,0,c,2,3,4,5,h,h,c,"[0, 2]"
105,c,h,h,h,h,c,c,c,8,[8]
106,c,1,2,c,4,h,h,h,8,[8]
107,0,c,2,h,4,c,6,h,8,[2]
108,h,1,h,3,4,c,6,7,8,[1]
109,0,c,h,c,h,c,6,h,8,[6]
110,c,h,2,3,4,h,c,h,c,"[3, 4]"
111,c,c,h,h,h,5,c,h,8,[5]
112,c,1,2,3,h,5,6,7,8,"[1, 2, 3, 5, 6, 7, 8]"
113,0,h,2,c,4,5,6,h,8,[4]
114,c,h,c,h,4,c,h,h,8,[8]
115,c,h,h,h,4,c,h,c,8,[4]
116,h,h,2,3,4,c,c,7,h,"[2, 3, 4, 7]"
117,h,c,h,c,h,h,c,c,8,[8]
118,0,h,h,c,4,5,6,7,8,[0]
119,h,c,c,h,h,5,6,h,c,[5]
120,h,1,2,3,4,h,c,h,c,"[1, 4]"
121,0,1,c,c,h,h,h,c,8,"[0, 1, 8]"
122,c,c,2,3,h,5,h,7,h,[2]
123,0,c,2,3,h,h,h,c,c,"[0, 2, 3]"
124,c,1,2,c,h,5,6,h,8,[6]
125,h,h,2,c,h,c,h,c,c,[2]
126,h,c,h,c,4,c,c,h,h,[4]
127,0,h,c,3,4,5,h,c,8,"[0, 3, 4, 5, 8]"
128,c,1,h,3,4,5,6,h,8,[6]
129,0,1,c,h,4,5,h,7,8,[0]
130,0,1,2,3,4,h,6,c,8,"[4, 8]"
131,0,1,2,h,4,5,c,h,c,"[2, 4]"
132,h,h,2,3,4,5,6,c,8,[2]
133,h,1,2,h,4,5,6,c,8,[6]
134,0,c,h,3,4,c,6,h,8,"[3, 4, 6, 8]"
135,h,1,2,c,h,5,6,7,8,[8]
136,c,c,h,h,4,5,6,h,c,[4]
137,0,1,h,c,h,5,6,7,8,[6]
138,0,c,2,h,h,c,h,7,c,[2]
139,c,1,2,3,c,h,6,h,h,"[1, 2, 3, 6]"
140,h,1,h,h,c,c,6,c,8,[1]
141,0,1,h,3,h,5,6,7,c,[6]
142,c,1,2,h,c,5,6,h,8,[8]
143,0,h,2,3,4,5,h,7,c,[2]
144,c,1,c,3,h,h,h,7,8,[1]
145,0,1,h,3,c,h,6,7,c,[0]
146,c,h,2,h,c,5,c,7,h,[2]
147,c,h,h,c,4,5,h,c,8,[4]
148,c,h,2,3,4,h,6,c,8,"[6, 8]"
149,0,1,2,h,c,5,c,h,8,[2]
150,0,1,c,3,4,5,6,h,h,[6]
151,h,1,2,c,4,h,6,7,8,"[2, 8]"
152,h,h,c,3,4,5,c,7,h,[4]
153,0,1,2,h,4,c,6,h,8,"[0, 6]"
154,c,h,c,3,c,h,h,h,8,[8]
155,c,1,2,c,4,h,6,7,h,[6]
156,0,1,2,3,4,h,c,h,8,[0]
157,h,1,2,3,4,h,6,c,8,[4]
158,h,1,2,3,4,5,6,7,c,"[2, 6]"
159,0,1,c,3,h,c,h,c,h,[0]
160,h,c,2,3,4,5,c,h,h,[4]
161,0,h,2,3,c,5,6,7,h,"[0, 2, 3, 5]"
162,c,1,h,c,4,h,6,h,c,"[4, 6]"
163,0,c,2,h,c,5,6,h,8,"[0, 2]"
164,h,h,2,3,c,c,6,h,8,[3]
165,0,h,h,c,h,c,c,7,8,[0]
166,c,1,2,3,4,5,6,7,h,"[2, 6]"
167,h,c,c,3,h,5,h,7,c,[5]
168,c,1,c,h,h,c,6,h,h,[1]
169,0,h,h,3,h,c,c,7,c,[7]
170,0,1,2,c,h,5,h,7,c,[2]
171,c,h,2,3,4,5,h,h,c,[4]
172,c,h,c,h,4,h,6,c,8,[4]
173,0,c,2,3,4,5,6,7,h,[2]
174,c,h,h,h,4,c,c,h,8,[4]
175,0,c,2,c,c,h,h,7,h,[7]
176,c,1,c,c,h,h,h,7,8,[1]
177,0,c,h,h,h,c,c,c,h,[0]
178,h,1,c,c,h,h,6,7,8,[8]
179,h,c,2,3,h,h,c,h,c,[3]
180,0,h,2,3,c,c,h,7,h,[3]
181,c,h,2,3,4,5,h,c,h,"[2, 4, 5]"
182,c,h,c,3,h,h,c,7,h,[3]
183,h,h,c,c,4,5,6,7,8,"[4, 5]"
184,c,h,c,h,h,5,c,c,h,[5]
185,0,1,h,3,4,c,h,c,8,[4]
186,0,h,2,3,4,h,c,c,8,[8]
187,c,c,h,h,h,c,6,7,8,[6]
188,0,1,c,3,h,5,6,7,8,"[0, 1, 3, 5, 6, 7, 8]"
189,c,h,h,c,4,h,h,c,c,[4]
190,h,c,2,c,4,5,6,h,8,"[4, 5, 6, 8]"
191,c,1,2,3,h,c,h,h,8,"[1, 2, 3, 8]"
192,0,c,h,3,h,5,c,h,8,"[0, 3, 5, 8]"
193,0,c,h,h,c,h,6,h,c,[0]
194,h,c,h,c,4,5,6,7,8,[4]
195,0,h,h,c,h,c,6,7,8,"[0, 6, 7, 8]"
196,c,1,h,h,4,5,h,c,c,[4]
197,0,h,h,c,4,h,c,7,8,[0]
198,0,1,h,h,4,5,c,7,8,"[4, 5, 8]"
199,0,h,c,3,4,h,c,7,8,[4]
200,0,h,2,c,4,5,6,7,8,"[0, 4]"
201,h,h,c,h,c,h,6,c,c,[6]
202,h,1,2,3,c,5,6,7,8,"[1, 2, 3, 5, 6, 7, 8]"
203,h,1,h,h,c,h,c,c,8,"[1, 8]"
204,c,1,h,3,4,5,h,c,8,[4]
205,0,c,c,3,4,h,h,c,h,"[0, 4]"
206,h,1,2,h,4,c,6,7,c,[2]
207,c,h,c,h,4,5,c,h,h,[4]
208,h,1,2,h,h,5,c,7,c,[7]
209,0,1,2,3,h,h,c,7,c,[7]
210,0,1,h,3,c,c,6,7,h,[3]
211,c,c,h,h,4,c,h,h,8,"[4, 8]"
212,0,1,c,h,4,h,6,7,8,[4]
213,h,1,h,c,h,5,c,7,c,[7]
214,h,1,2,h,c,h,c,7,c,"[2, 7]"
215,0,1,2,c,h,c,6,h,8,[1]
216,h,1,c,3,4,h,h,c,c,[3]
217,h,c,2,3,4,h,6,c,8,[4]
218,0,1,h,3,c,5,c,h,8,"[0, 3]"
219,0,c,2,3,4,h,6,7,8,"[2, 4]"
220,0,1,2,3,4,5,c,7,h,"[0, 2, 3]"
221,h,h,c,h,c,c,6,7,8,"[6, 8]"
222,0,h,h,c,4,h,6,7,c,[0]
223,0,h,2,h,h,c,c,c,8,[8]
224,c,c,2,h,c,h,h,7,h,"[2, 7]"
225,c,1,2,h,4,5,6,7,8,"[1, 2, 4]"
226,0,h,h,3,4,5,c,7,c,[7]
227,0,c,2,3,4,5,h,7,h,[7]
228,0,1,2,3,4,h,c,7,8,"[0, 4, 8]"
229,0,1,2,h,4,c,6,7,8,"[0, 1, 2, 4, 6, 7, 8]"
230,0,1,2,h,4,5,6,7,c,"[2, 4, 6]"
231,0,1,2,3,c,5,h,7,8,"[0, 1, 2, 3, 5, 7, 8]"
232,0,h,2,c,c,h,6,h,8,"[0, 6]"
233,h,1,c,h,4,5,6,c,8,[6]
234,h,c,2,h,4,c,c,h,h,[4]
235,c,1,c,h,4,5,h,7,h,[1]
236,0,1,c,3,h,5,c,7,h,[0]
237,c,h,c,h,h,c,6,c,h,[6]
238,h,h,2,c,4,c,6,7,h,[4]
239,c,c,h,3,4,5,h,7,8,[4]
240,0,h,c,h,4,c,h,7,8,[8]
241,0,1,2,3,c,h,6,7,8,"[0, 1, 2, 6, 7, 8]"
242,0,c,h,c,4,h,6,h,c,[0]
243,c,1,c,h,h,5,6,7,h,[1]
244,0,h,h,c,4,c,h,7,8,[4]
245,0,h,c,3,4,h,h,c,8,"[0, 3, 4]"
246,0,c,h,3,4,5,6,7,8,"[4, 5, 6, 8]"
247,h,h,2,3,c,5,6,7,c,[2]
248,h,1,2,3,c,h,6,c,8,[1]
249,0,h,c,3,4,c,6,h,h,"[0, 3, 4, 6]"
250,c,1,2,3,4,5,h,h,8,[8]
251,0,1,2,c,h,5,c,7,h,[0]
252,0,h,h,3,c,5,6,7,c,[0]
253,0,h,c,c,4,5,6,7,h,"[4, 6]"
254,0,1,2,3,h,5,6,c,8,"[0, 2, 3, 5, 6, 8]"
255,h,1,h,3,c,5,6,7,c,[1]
256,0,h,h,3,c,c,h,h,c,"[0, 3]"
257,c,c,2,h,4,h,h,7,8,[2]
258,c,h,h,h,c,5,6,c,h,[5]
259,0,1,h,c,h,5,c,c,h,[0]
260,0,c,h,3,h,5,6,c,h,"[0, 3, 5, 6]"
261,h,h,2,3,4,c,6,7,8,[2]
262,h,1,2,3,4,5,h,c,8,[3]
263,0,1,2,c,4,h,6,7,h,[2]
264,h,1,c,h,h,c,6,7,8,[8]
265,h,h,c,3,c,c,h,c,h,[3]
266,c,1,2,3,4,h,6,7,h,[2]
267,0,1,2,3,4,c,6,7,h,"[0, 4, 6, 7]"
268,0,h,h,c,4,5,6,c,8,[0]
269,0,1,c,3,c,h,6,h,8,[6]
270,h,c,h,h,4,c,6,h,c,[6]
271,0,1,h,3,4,c,6,7,8,"[0, 1, 4, 6]"
272,h,h,c,c,c,h,6,h,c,[6]
273,0,1,c,3,4,5,6,7,h,"[0, 1, 6]"
274,0,h,h,3,4,h,6,c,c,[6]
275,0,1,2,c,4,5,6,h,8,"[4, 6]"
276,h,c,h,c,h,5,c,h,8,[8]
277,c,h,c,3,c,h,h,7,8,[8]
278,0,1,2,3,4,5,6,h,c,"[2, 4, 5]"
279,0,1,2,c,h,5,6,7,h,[0]
280,0,1,h,3,4,5,6,c,8,[8]
281,0,1,2,h,h,5,c,7,8,[5]
282,0,1,2,3,c,h,c,7,h,[2]
283,c,h,2,3,c,h,h,c,h,[2]
284,h,1,h,h,4,5,c,7,c,[7]
285,h,1,c,c,h,5,h,7,8,[8]
286,0,1,2,3,4,5,6,c,h,"[0, 2, 4, 5]"
287,0,1,h,3,c,5,6,h,c,[0]
288,c,1,2,h,h,c,c,h,h,[1]
289,h,1,2,h,c,5,6,7,8,[6]
290,c,h,h,3,h,h,6,c,c,[6]
291,0,c,h,c,h,5,6,c,h,"[0, 5, 6]"
292,0,h,2,h,c,5,c,h,8,[2]
293,c,h,2,c,4,c,h,h,8,[4]
294,0,h,2,h,c,5,6,h,c,[0]
295,0,c,h,3,h,h,c,7,8,"[0, 3, 7, 8]"
296,h,h,2,3,4,5,c,7,c,[7]
297,0,1,2,h,4,h,c,7,8,[4]
298,h,1,h,c,4,c,h,h,c,[4]
299,h,1,2,c,4,5,6,h,c,[5]
300,0,h,c,3,4,h,6,c,8,[6]
301,0,c,2,h,4,h,h,7,c,"[0, 2, 4, 7]"
302,0,1,h,c,c,5,h,7,8,[5]
303,0,1,c,c,h,5,6,h,8,[1]
304,h,c,c,h,4,h,6,h,c,"[4, 6]"
305,h,c,c,c,h,5,h,h,c,[5]
306,0,h,h,3,4,c,h,c,8,"[0, 3, 4, 8]"
307,h,1,2,3,4,5,6,7,8,[4]
308,0,1,c,c,4,5,h,7,h,[7]
309,0,c,h,h,h,c,c,7,h,[0]
310,0,h,c,3,h,5,6,7,8,[7]
311,c,1,2,h,c,5,c,h,h,[2]
312,h,c,h,c,c,h,6,h,c,[6]
313,0,h,2,h,4,c,c,h,c,[2]
314,h,1,h,3,4,c,h,7,c,"[1, 3, 4, 7]"
315,0,h,2,c,4,h,h,c,8,[2]
316,h,c,c,3,h,5,h,7,8,"[3, 5, 7, 8]"
317,0,h,2,3,4,h,c,7,8,"[0, 8]"
318,c,h,2,3,4,5,6,7,8,"[3, 4, 6]"
319,h,h,c,c,h,5,c,7,8,"[5, 7, 8]"
320,c,h,2,h,h,5,h,c,c,"[2, 5]"
321,0,1,h,h,c,c,h,h,c,[0]
322,0,c,c,h,h,5,c,7,h,[0]
323,h,c,h,h,4,5,6,7,c,[6]
324,c,1,2,3,h,5,6,7,h,"[2, 6]"
325,0,1,2,h,4,c,c,h,h,"[0, 1, 4]"
326,c,1,2,h,h,c,6,c,h,"[1, 2, 6]"
327,0,h,2,3,4,5,6,c,h,"[0, 2]"
328,0,1,h,h,c,c,h,c,h,[1]
329,c,1,h,h,4,c,h,c,h,[4]
330,h,1,h,3,c,c,c,7,h,[3]
331,c,1,c,3,4,h,h,7,h,[1]
332,0,h,h,h,h,c,c,c,8,[8]
333,h,c,h,c,4,h,h,7,c,[4]
334,h,c,h,3,4,h,6,c,c,"[4, 6]"
335,c,1,2,h,h,c,h,7,8,[2]
336,c,1,h,c,c,5,6,h,h,"[5, 6]"
337,0,h,2,h,4,c,6,c,8,[8]
338,0,1,h,h,h,5,c,7,c,[7]
339,0,h,h,c,h,5,c,c,h,[0]
340,h,c,c,c,h,h,h,7,c,[7]
341,0,1,2,h,c,5,h,7,8,[0]
342,h,c,h,h,4,c,c,h,c,[4]
343,0,h,2,3,4,c,6,7,8,"[2, 4]"
344,0,c,2,3,h,5,c,h,8,[0]
345,0,c,h,3,c,h,6,h,8,[8]
346,0,h,c,h,h,c,h,c,8,[8]
347,0,c,h,3,h,h,6,c,8,"[0, 3, 6, 8]"
348,0,1,c,h,c,5,6,7,h,[6]
349,h,1,c,h,4,5,6,h,c,[5]
350,0,h,h,c,4,h,6,c,c,[6]
351,0,c,h,3,4,h,c,h,c,[0]
352,0,1,h,h,4,5,6,c,8,[4]
353,c,h,2,c,h,h,h,c,c,[2]
354,c,1,2,h,h,5,c,c,h,[5]
355,h,h,2,h,c,5,c,7,8,[2]
356,h,1,2,h,4,c,6,7,8,[6]
357,0,c,h,h,4,5,c,c,h,[4]
358,0,h,2,c,4,5,h,7,8,[4]
359,c,c,2,3,h,h,6,h,8,[2]
360,c,h,h,c,h,5,6,7,8,[6]
361,0,1,2,3,h,h,c,7,8,[3]
362,c,h,h,c,c,5,h,7,8,"[5, 8]"
363,c,1,2,3,4,5,h,7,8,"[1, 2, 8]"
364,h,h,2,c,c,h,6,c,h,[2]
365,0,h,2,3,h,c,c,c,h,[0]
366,0,h,c,h,4,c,h,c,8,[8]
367,0,h,2,3,4,c,h,7,8,[4]
368,c,1,h,h,4,c,6,h,8,"[4, 6]"
369,0,c,2,3,4,h,h,c,8,[4]
370,0,h,2,h,c,c,c,h,8,[2]
371,0,1,2,3,h,c,6,h,8,[1]
372,h,1,h,3,4,5,6,c,8,[1]
373,0,c,h,3,h,5,6,7,c,[6]
374,0,c,2,h,4,5,c,h,8,[2]
375,0,1,2,h,c,5,6,h,8,"[0, 6, 8]"
376,0,1,h,h,c,c,6,7,h,"[0, 1, 6, 7]"
377,0,1,2,c,c,h,c,h,h,"[0, 2]"
378,0,h,c,3,c,h,h,7,8,"[0, 3, 7, 8]"
379,c,1,c,c,h,h,h,7,h,[1]
380,0,h,c,3,c,5,h,h,8,[8]
381,h,h,c,3,4,5,c,h,8,[4]
382,h,1,2,c,4,5,h,7,8,[4]
383,0,h,h,3,4,5,c,7,8,[0]
384,0,c,h,h,h,5,c,c,8,[8]
385,0,h,h,3,4,5,6,7,c,[0]
386,0,1,2,h,4,5,6,7,8,"[0, 4, 5, 6]"
387,h,1,2,c,h,h,h,c,c,[2]
388,0,1,h,c,4,5,6,7,8,[0]
389,0,1,c,3,h,5,6,7,h,[0]
390,c,h,2,3,4,c,h,h,8,"[2, 3, 4, 8]"
391,0,1,c,3,h,h,6,7,c,[3]
392,0,1,2,c,c,5,h,7,h,[5]
393,h,c,2,c,4,5,6,h,h,"[2, 4, 5, 6]"
394,0,c,2,3,h,5,6,7,8,"[0, 2, 3, 5, 6, 8]"
395,0,h,h,c,c,5,c,h,h,"[0, 5]"
396,0,1,h,c,4,h,c,h,c,[0]
397,0,h,h,h,c,c,c,h,c,[0]
398,0,1,2,3,h,5,6,7,8,"[0, 2, 6, 8]"
399,h,c,2,3,4,h,6,h,c,"[3, 4, 6]"
400,c,h,h,3,h,5,6,7,c,"[3, 5, 6, 7]"
401,h,1,2,3,c,5,h,7,c,[3]
402,0,c,2,3,4,5,6,h,8,"[0, 2, 3, 4, 5, 6, 8]"
403,0,1,h,h,4,h,c,7,c,[7]
404,0,h,c,3,h,c,6,c,h,[0]
405,0,h,2,c,h,5,6,c,8,[6]
406,0,h,2,h,c,c,6,h,8,"[2, 8]"
407,0,c,h,3,4,h,6,7,8,[8]
408,c,c,h,3,c,h,h,7,8,"[7, 8]"
409,h,1,c,3,4,5,6,h,8,[8]
410,0,h,2,c,c,h,c,h,h,"[0, 2]"
411,c,h,2,c,4,h,6,h,8,[6]
412,h,h,2,3,4,c,6,c,8,[2]
413,0,c,2,h,4,5,6,h,8,"[6, 8]"
414,c,1,2,3,4,h,h,7,c,[4]
415,0,h,h,c,4,5,6,h,c,"[0, 4, 5, 6]"
416,0,h,2,c,4,5,c,h,h,[0]
417,c,1,2,3,4,h,6,c,h,[2]
418,0,h,h,3,c,5,6,7,8,[0]
419,0,1,2,c,h,h,6,7,c,[6]
420,h,c,h,3,4,c,c,7,h,[4]
421,0,h,2,c,c,h,6,7,8,"[0, 6]"
422,c,c,2,3,4,h,h,h,8,[2]
423,0,c,c,h,h,5,h,h,c,"[0, 5]"
424,h,1,2,c,h,5,6,h,c,[1]
425,0,h,c,3,h,5,h,7,c,[5]
426,h,1,c,3,h,5,6,7,8,[8]
427,h,c,2,c,h,h,c,h,c,[2]
428,0,1,2,c,h,5,6,c,h,[0]
429,h,h,c,3,h,c,h,c,8,[8]
430,h,1,h,3,c,5,c,c,h,[1]
431,h,1,c,c,4,h,6,h,c,"[1, 4, 6]"
432,h,h,2,c,4,h,6,c,c,[6]
433,0,c,2,3,c,h,6,h,h,"[0, 2, 3, 6]"
434,0,1,h,3,4,5,6,7,8,[4]
435,0,1,2,3,4,c,h,7,8,[8]
436,0,c,2,3,h,h,6,c,h,"[0, 2, 3, 6]"
437,0,1,h,h,c,5,6,7,8,"[0, 1, 6, 7]"
438,h,h,c,c,c,h,6,7,h,[6]
439,c,h,h,3,4,5,h,7,c,[4]
440,0,c,c,h,h,5,6,h,c,"[0, 5]"
441,h,1,h,c,4,c,c,h,h,[4]
442,c,c,h,c,h,5,6,h,8,[6]
443,0,1,2,3,4,5,6,7,h,[4]
444,0,h,c,3,c,h,6,7,h,[6]
445,0,1,c,h,4,h,c,7,h,[4]
446,h,c,h,3,4,c,6,7,8,[4]
447,h,h,c,3,4,5,6,7,c,[5]
448,0,c,h,c,4,5,6,h,h,"[0, 4, 5, 6]"
449,0,1,2,3,c,h,6,7,h,[2]
450,0,c,h,c,h,h,6,7,8,"[0, 6, 7, 8]"
451,0,1,c,3,4,h,6,7,h,"[0, 1]"
452,0,c,2,h,h,c,h,c,8,"[0, 2, 8]"
453,0,1,h,3,h,5,6,c,8,[6]
454,h,1,2,3,c,5,c,h,8,[2]
455,0,c,c,h,c,5,6,h,h,"[0, 6]"
456,0,1,h,h,c,c,c,h,8,"[0, 1, 8]"
457,0,h,h,c,4,5,c,7,8,[0]
458,0,h,c,h,c,5,6,7,8,[6]
459,0,h,2,3,4,5,6,7,c,"[2, 4, 6]"
460,0,h,2,3,4,5,h,c,8,"[0, 2]"
461,h,h,c,h,4,5,c,7,c,"[4, 5, 7]"
462,0,1,h,3,c,h,6,c,8,[1]
463,0,1,2,3,4,5,h,c,h,[4]
464,0,h,c,3,4,5,c,h,8,[4]
465,h,c,h,3,c,c,h,h,8,[3]
466,h,1,c,h,4,c,6,c,h,"[1, 4, 6]"
467,c,1,c,3,h,5,h,h,8,[1]
468,0,1,2,c,h,c,h,7,8,[2]
469,0,h,2,c,c,5,h,7,8,[5]
470,h,1,2,c,c,5,h,h,c,[5]
471,h,c,2,h,c,5,6,7,8,[7]
472,0,1,2,3,4,h,6,7,c,"[4, 6, 7]"
473,h,1,2,c,4,5,6,h,8,[4]
474,h,c,2,3,4,5,h,h,c,[3]
475,h,1,2,3,4,5,6,c,8,[6]
476,0,h,2,3,4,5,c,h,8,[4]
477,c,1,h,c,4,5,6,7,h,[6]
478,0,h,h,c,h,5,c,7,c,"[0, 7]"
479,0,c,2,h,4,5,h,7,8,[0]
480,h,c,h,c,4,h,c,7,8,[8]
481,c,h,h,c,4,h,6,c,8,[6]
482,0,1,2,3,h,c,c,7,h,[0]
483,h,c,h,c,4,5,6,h,c,"[4, 5, 6]"
484,h,1,2,c,4,5,6,7,h,[4]
485,h,c,2,3,4,h,h,c,c,[4]
486,0,1,2,c,c,5,6,h,h,[5]
487,c,1,2,3,c,h,h,7,8,[8]
488,0,h,h,c,c,5,c,7,h,"[0, 5]"
489,h,1,c,3,c,5,6,7,h,[6]
490,c,1,h,3,4,c,h,c,h,[4]
491,0,h,2,c,h,c,h,c,h,"[0, 2]"
492,h,1,h,h,c,c,c,c,h,[1]
493,c,h,c,3,h,h,h,7,c,"[3, 7]"
494,h,h,2,3,h,c,c,7,c,"[2, 7]"
495,0,1,h,3,4,h,6,7,c,"[6, 7]"
496,h,h,c,3,4,c,c,h,h,[4]
497,c,h,c,c,c,h,h,7,h,[7]
498,0,1,2,h,4,h,6,7,c,[4]
499,0,1,2,c,h,5,c,h,8,[0]
500,0,h,2,c,4,h,6,7,8,"[2, 8]"
501,h,c,2,3,4,5,6,7,8,"[3, 4, 6, 8]"
502,0,1,2,c,4,h,h,7,8,"[2, 8]"
503,c,h,h,3,h,c,c,7,8,[3]
504,c,1,h,h,c,5,c,h,8,[8]
505,0,c,h,c,c,h,h,7,8,[7]
506,c,1,2,h,c,h,6,c,h,[1]
507,c,1,h,h,4,c,6,7,8,"[1, 4, 6, 7, 8]"
508,0,h,2,h,4,c,6,7,8,"[0, 6]"
509,c,h,c,h,c,5,h,7,8,[8]
510,c,1,c,3,h,h,h,c,h,[1]
511,h,1,2,3,h,c,6,7,8,[8]
512,h,h,c,3,4,c,6,h,8,[8]
513,0,h,2,3,h,c,h,7,c,[2]
514,0,1,2,3,4,c,6,h,8,"[4, 8]"
515,c,1,2,c,h,h,6,h,8,[6]
516,0,h,h,h,c,c,c,7,h,[0]
517,0,1,2,c,c,h,h,h,8,[8]
518,0,h,c,3,4,5,6,h,c,[5]
519,h,1,c,c,4,5,h,7,8,[5]
520,h,1,h,c,4,c,6,7,8,[4]
521,c,1,h,3,4,h,h,c,8,"[1, 3, 4, 8]"
522,0,1,h,3,h,c,6,c,8,[6]
523,c,c,h,h,4,h,h,c,c,[4]
524,0,1,2,c,h,5,6,h,8,[1]
525,0,h,2,c,4,5,h,c,8,"[0, 2, 4, 5]"
526,0,h,h,h,c,5,c,h,c,[0]
527,c,h,h,c,h,5,6,c,8,[6]
528,c,1,h,3,h,5,c,7,8,[3]
529,c,1,h,c,h,h,6,c,8,[6]
530,h,h,2,c,c,5,h,h,c,[5]
531,c,h,2,3,4,c,h,7,8,"[4, 8]"
532,0,h,c,3,4,h,6,7,8,"[3, 4, 7]"
533,h,c,c,c,h,h,h,7,8,[8]
534,h,h,2,h,4,c,6,7,c,[2]
535,h,c,2,3,c,5,6,7,h,[7]
536,0,1,2,3,h,c,6,7,8,"[0, 1, 2, 6, 7, 8]"
537,0,1,c,3,4,h,h,7,c,[0]
538,c,c,h,h,4,5,h,7,8,[4]
539,0,1,2,3,4,5,h,7,c,"[0, 2, 5]"
540,h,c,c,c,4,h,h,h,8,[8]
541,0,1,c,3,h,h,c,7,8,[3]
542,0,h,c,h,h,c,c,c,h,[0]
543,c,c,h,3,4,h,6,7,8,[8]
544,c,h,2,c,c,h,h,c,h,[2]
545,h,h,2,c,4,c,6,h,8,[4]
546,h,1,c,3,4,5,6,7,8,"[5, 6, 8]"
547,0,1,h,h,4,c,6,c,8,"[0, 1, 4, 6]"
548,0,h,h,3,4,5,c,c,8,[8]
549,c,h,2,h,4,5,c,h,c,[4]
550,0,1,2,h,4,5,6,c,8,"[4, 6]"
551,0,h,2,h,4,5,c,7,c,[7]
552,h,c,c,3,h,h,c,h,8,"[3, 8]"
553,h,1,c,3,h,5,c,h,c,[5]
554,h,c,c,3,h,h,h,7,c,[3]
555,c,h,2,3,4,5,6,7,h,"[4, 6, 7]"
556,h,c,2,c,c,h,h,7,8,[7]
557,0,1,h,c,h,5,c,7,8,[0]
558,0,1,2,3,c,5,6,h,8,"[0, 2, 3, 5, 6, 8]"
559,0,h,2,h,4,c,c,7,h,"[0, 4]"
560,h,h,c,c,4,h,h,c,c,[4]
561,c,1,2,h,4,c,h,7,h,[7]
562,0,h,2,h,h,c,c,7,c,"[2, 7]"
563,c,1,2,h,h,5,6,7,8,[5]
564,c,1,2,3,4,h,c,h,h,[3]
565,0,1,h,3,4,c,6,h,c,[4]
566,0,h,2,3,c,h,6,7,c,[0]
567,c,1,h,h,4,5,6,7,c,[4]
568,0,1,c,c,4,5,h,h,8,[8]
569,0,h,h,3,c,5,6,c,8,[0]
570,h,c,h,h,4,c,6,7,8,[6]
571,h,1,h,3,4,5,c,7,8,[1]
572,h,h,2,c,4,h,c,c,8,[8]
573,0,1,2,3,h,5,h,c,8,[2]
574,0,1,2,h,c,c,h,7,8,[0]
575,c,c,h,c,4,5,h,7,h,"[4, 5, 7]"
576,h,1,h,3,c,5,6,c,8,[1]
577,0,h,h,h,c,c,6,h,c,[0]
578,0,c,2,3,4,h,6,h,c,[0]
579,0,1,2,c,4,h,6,h,8,"[2, 8]"
580,c,h,c,3,4,5,6,h,h,"[3, 4, 5, 6]"
581,c,1,2,3,h,5,6,h,8,[1]
582,h,c,h,3,4,c,h,h,c,"[3, 4]"
583,h,1,2,h,4,5,c,7,8,"[7, 8]"
584,c,1,2,3,4,h,6,h,8,"[2, 6]"
585,0,1,2,c,4,5,h,7,8,"[2, 4, 7, 8]"
586,0,h,2,3,4,c,6,7,h,[4]
587,0,1,2,3,4,5,c,h,8,"[0, 3, 4]"
588,c,1,h,c,h,c,6,h,8,[6]
589,c,h,2,3,h,c,6,7,h,[7]
590,h,1,2,c,c,5,6,h,h,[5]
591,h,1,2,3,4,c,6,h,8,[4]
592,c,h,2,h,4,5,6,7,c,[4]
593,0,1,c,3,4,5,6,h,8,"[0, 4, 8]"
594,0,c,2,3,4,5,h,h,8,[8]
595,0,h,2,3,c,5,c,h,h,[2]
596,h,1,2,3,h,5,c,7,8,[8]
597,0,c,h,3,h,c,c,h,h,[0]
598,c,1,h,h,c,5,h,7,8,[8]
599,c,h,2,3,4,h,h,7,c,[4]
600,h,1,c,c,4,5,6,h,h,"[1, 4, 5, 6]"
601,h,1,h,3,4,5,h,c,c,"[1, 3, 4, 5]"
602,0,h,2,3,c,5,6,7,8,"[0, 2, 3, 5, 6, 8]"
603,0,c,2,3,h,h,h,c,8,"[0, 2, 3, 8]"
604,0,h,2,3,4,5,c,7,8,"[0, 4, 8]"
605,0,h,2,3,h,c,6,c,h,[0]
606,0,1,2,h,h,5,6,c,8,[5]
607,c,1,h,3,4,h,6,h,c,[4]
608,0,1,c,3,4,h,6,c,h,"[1, 4]"
609,0,h,c,h,h,5,6,7,c,[5]
610,h,1,2,3,4,5,h,7,c,[3]
611,c,c,h,3,h,h,6,c,8,"[3, 6, 8]"
612,0,h,h,c,4,c,h,c,h,[4]
613,0,1,h,3,4,5,h,7,c,[4]
614,h,c,2,h,4,5,6,7,8,[6]
615,h,1,h,c,c,5,6,c,h,"[1, 5]"
616,0,h,h,c,4,5,6,7,c,[0]
617,c,1,h,3,c,5,c,h,h,[3]
618,c,1,h,h,c,h,h,c,8,"[1, 8]"
619,c,h,h,3,4,h,6,7,c,[4]
620,c,h,c,3,h,5,6,7,8,[7]
621,c,h,c,h,c,h,6,7,h,[6]
622,h,h,2,h,c,c,c,h,c,[2]
623,0,c,c,3,h,h,h,7,c,[0]
624,0,1,c,3,h,5,h,7,8,"[0, 8]"
625,0,h,2,3,h,5,c,7,c,[7]
626,0,1,h,3,c,h,6,7,8,[8]
627,h,c,2,3,h,h,c,c,8,[8]
628,h,1,2,h,4,5,6,c,c,[6]
629,c,1,2,h,c,5,h,c,h,[1]
630,h,1,2,c,h,5,6,7,c,"[1, 2, 6, 7]"
631,0,1,h,c,h,5,6,7,c,[6]
632,0,c,2,3,h,5,6,7,h,[0]
633,c,1,2,h,4,h,h,c,8,[4]
634,0,c,h,3,4,c,h,7,h,"[0, 3, 4, 7]"
635,0,h,2,3,4,5,6,7,8,"[0, 2, 4, 7]"
636,c,1,h,3,4,5,6,7,8,"[3, 6, 8]"
637,c,1,h,h,h,c,6,7,8,[6]
638,c,h,c,c,h,5,h,c,h,[5]
639,c,1,2,c,c,h,h,h,8,[8]
640,0,c,2,h,4,c,6,h,h,[6]
641,0,1,2,c,h,5,h,7,8,[2]
642,0,1,2,h,4,c,6,h,c,[2]
643,c,h,c,3,h,h,h,c,c,[3]
644,c,h,h,3,4,5,h,c,c,[4]
645,c,1,h,c,c,5,h,h,8,"[5, 8]"
646,0,1,2,h,h,5,c,h,c,"[0, 1, 2, 5]"
647,c,1,2,h,4,h,6,c,8,[4]
648,0,1,h,3,4,c,6,c,h,[4]
649,0,1,2,h,4,h,6,c,c,[6]
650,0,h,c,c,h,h,h,c,8,"[0, 8]"
651,h,c,2,h,4,h,6,7,c,"[2, 4, 6, 7]"
652,c,h,h,3,4,5,6,7,8,"[3, 6]"
653,h,1,c,c,h,h,h,7,c,"[1, 7]"
654,h,c,2,h,4,c,6,7,h,"[2, 4, 6, 7]"
655,h,1,c,c,h,5,h,h,c,[5]
656,0,1,c,3,c,h,h,7,8,"[0, 1]"
657,0,1,c,h,4,c,6,7,h,"[0, 6]"
658,h,1,h,3,4,c,h,c,8,"[1, 3, 4, 8]"
659,0,1,2,h,h,5,c,c,h,"[0, 1, 2, 5]"
660,0,1,2,c,4,h,h,c,8,"[1, 2, 4, 8]"
661,c,1,2,c,h,5,h,7,h,"[1, 2, 5, 7]"
662,0,h,2,3,4,h,6,c,8,"[0, 2]"
663,0,c,2,h,h,c,6,h,c,[2]
664,c,1,2,h,4,5,c,h,h,[2]
665,c,c,h,h,4,5,c,h,h,[5]
666,c,1,h,3,c,5,6,7,h,[5]
667,c,h,2,c,h,5,h,7,c,"[2, 5, 7]"
668,h,c,h,c,4,5,h,h,c,[4]
669,0,h,c,h,4,c,c,h,h,[4]
670,h,1,h,h,c,c,6,c,h,[1]
671,h,h,2,c,c,5,6,7,h,[5]
672,h,1,2,c,h,c,6,h,8,"[1, 2, 6, 8]"
673,c,c,2,h,c,h,h,7,8,"[2, 7, 8]"
674,0,1,h,c,4,5,h,7,8,[4]
675,0,c,2,3,4,5,h,7,8,[0]
676,h,c,c,h,c,c,6,h,h,[6]
677,0,h,h,3,4,c,6,c,h,[0]
678,c,1,2,h,c,c,h,h,8,[8]
679,c,1,2,h,c,h,6,h,8,[8]
680,0,1,2,3,c,h,h,7,8,"[1, 2, 7, 8]"
681,h,h,2,c,4,c,6,7,8,[4]
682,h,h,c,h,c,h,6,c,8,[6]
683,0,1,2,h,h,c,c,7,8,[8]
684,h,c,h,h,c,c,6,7,8,[7]
685,h,c,h,3,c,5,h,h,c,[3]
686,0,c,h,3,4,5,h,7,8,[4]
687,h,c,c,3,h,5,6,h,c,[5]
688,0,c,2,3,c,5,h,7,h,[7]
689,h,c,c,c,h,h,h,c,8,[8]
690,0,h,c,h,c,5,6,7,h,[6]
691,c,1,h,h,c,h,6,c,8,"[1, 8]"
692,h,h,2,h,4,c,6,c,c,"[2, 6]"
693,0,1,h,h,4,5,c,7,c,[7]
694,h,h,2,3,4,c,h,c,c,[2]
695,c,1,c,3,h,h,6,7,h,[1]
696,c,1,h,c,h,h,6,7,8,[6]
697,c,h,2,c,h,c,6,7,h,[6]
698,0,1,c,h,4,c,h,h,8,[8]
699,h,h,2,3,4,h,6,c,c,[6]
700,h,c,h,c,4,c,6,h,h,[4]
701,h,h,2,3,h,c,h,c,c,[2]
702,0,h,h,3,4,5,c,h,c,"[0, 3, 4, 5]"
703,h,1,c,h,h,5,c,7,8,"[1, 5, 7, 8]"
704,0,1,2,h,4,5,6,h,c,[2]
705,0,h,c,h,4,5,c,7,8,[4]
706,0,c,h,c,h,5,6,h,8,[6]
707,h,1,h,3,c,c,6,h,8,[3]
708,h,c,h,3,h,c,c,h,c,[3]
709,h,1,c,3,4,c,h,7,8,[8]
710,h,1,h,3,h,c,6,c,8,"[1, 3, 6, 8]"
711,h,h,2,h,c,c,c,c,h,[2]
712,c,1,2,3,h,h,6,7,8,[3]
713,c,1,c,3,h,5,6,h,8,[1]
714,c,h,2,h,c,c,h,7,8,[8]
715,0,c,2,3,h,h,c,7,8,[3]
716,c,h,h,h,4,5,6,c,c,"[4, 6]"
717,0,1,c,3,4,h,6,h,8,[0]
718,h,c,c,3,4,h,h,7,c,[3]
719,0,1,h,h,4,c,6,7,8,"[0, 6]"
720,h,c,c,3,h,h,h,c,c,[3]
721,0,1,c,3,4,5,h,7,8,"[0, 8]"
722,c,c,h,h,4,c,h,h,c,[4]
723,0,c,h,3,4,5,6,h,8,"[6, 8]"
724,h,h,c,c,4,5,6,h,8,[4]
725,h,c,c,h,4,h,c,h,c,[4]
726,0,1,2,c,4,h,6,7,8,"[0, 1, 2, 4, 6, 7, 8]"
727,h,1,2,h,c,5,c,7,8,[2]
728,h,h,c,3,c,5,6,h,c,"[5, 6]"
729,c,1,h,h,4,5,c,7,8,[8]
730,h,h,c,c,c,h,h,c,8,[8]
731,c,c,2,h,c,h,c,h,h,[2]
732,c,h,2,c,c,h,6,7,h,[6]
733,c,1,2,h,4,c,h,c,h,[1]
734,h,h,c,h,h,5,6,c,c,"[5, 6]"
735,c,1,2,3,4,h,6,7,8,"[2, 4, 6]"
736,0,c,2,h,4,c,h,c,h,[4]
737,0,c,h,h,c,c,c,h,h,[0]
738,c,h,h,3,h,5,c,7,8,[3]
739,h,1,2,3,4,c,6,7,8,[2]
740,0,h,h,3,4,5,6,c,8,[0]
741,c,1,2,3,h,h,c,h,c,[3]
742,h,1,2,3,c,5,6,7,h,"[1, 3, 5, 7]"
743,0,h,c,h,4,5,6,7,8,[8]
744,c,h,h,3,c,5,c,h,8,"[3, 8]"
745,0,1,c,3,h,h,6,c,8,[3]
746,c,h,c,3,4,h,c,h,8,"[3, 4]"
747,c,1,c,3,4,5,h,h,8,[1]
748,0,h,h,c,c,5,h,h,c,"[0, 5]"
749,h,c,c,3,h,c,h,7,8,[8]
750,c,1,h,3,4,5,c,7,h,[3]
751,0,1,2,3,4,h,h,c,8,[4]
752,c,h,2,3,c,h,h,c,8,[8]
753,h,1,c,c,4,5,6,7,h,[4]
754,c,1,2,3,h,h,c,c,h,[3]
755,c,c,h,3,h,5,6,7,8,[6]
756,0,c,2,3,h,h,6,7,8,[3]
757,h,h,c,c,4,h,h,c,8,"[4, 8]"
758,c,h,h,3,h,5,6,c,8,[6]
759,h,1,h,3,c,5,6,7,8,[1]
760,0,1,h,h,4,c,c,7,8,"[0, 1, 4, 7, 8]"
761,0,c,c,3,c,h,h,7,h,"[0, 7]"
762,0,h,2,3,4,c,6,c,h,"[0, 2, 3, 4]"
763,0,h,2,c,h,h,c,7,8,[0]
764,0,1,2,h,4,5,c,7,8,"[4, 7, 8]"
765,h,c,2,h,h,c,c,h,c,[2]
766,0,1,h,3,4,c,6,h,8,[4]
767,h,c,h,3,4,c,6,h,c,"[3, 4, 6]"
768,c,1,2,3,4,5,h,h,c,[4]
769,c,1,h,h,4,5,6,7,8,"[4, 5]"
770,c,1,h,h,c,c,c,h,h,[1]
771,0,c,h,3,h,c,6,7,8,[6]
772,c,h,c,3,4,5,h,h,8,"[3, 4, 5, 8]"
773,c,h,h,c,c,5,h,c,h,[5]
774,c,1,2,h,4,5,6,7,h,"[2, 4, 5]"
775,0,1,2,3,4,h,c,7,h,[2]
776,0,1,2,h,4,c,6,7,h,"[0, 6]"
777,0,1,2,3,c,h,6,h,8,"[2, 6, 8]"
778,0,h,c,3,c,h,h,h,c,[0]
779,0,h,c,3,4,c,6,7,h,[4]
780,h,1,c,h,4,5,6,c,h,"[1, 4, 5, 6]"
781,0,1,2,3,c,5,h,7,h,[7]
782,0,1,c,3,h,c,h,7,8,[8]
783,h,c,h,3,4,h,c,7,c,[7]
784,c,1,h,3,h,5,6,7,8,[6]
785,0,1,2,3,4,5,6,h,8,"[1, 4, 6, 8]"
786,c,c,h,3,4,h,h,7,c,[4]
787,h,1,h,c,4,5,c,7,h,"[1, 4, 5, 7]"
788,h,1,2,3,4,5,h,c,c,[3]
789,h,1,2,c,c,h,6,7,8,"[1, 2, 7, 8]"
790,c,h,2,3,h,h,c,c,h,[3]
791,c,h,2,3,h,5,6,7,8,[7]
792,c,1,c,3,h,c,6,h,h,[1]
793,h,c,2,h,4,5,6,c,8,[4]
794,c,h,2,h,4,5,6,7,8,"[4, 5, 7]"
795,0,1,h,3,c,5,h,7,8,"[1, 3, 5, 7]"
796,0,h,2,c,h,c,6,c,h,[0]
797,h,c,h,c,h,5,c,h,c,[5]
798,c,h,2,3,4,5,h,7,8,"[4, 7]"
799,h,1,2,c,4,5,c,h,h,[4]
800,h,h,c,c,4,c,6,h,8,"[4, 8]"
801,h,h,2,3,4,5,c,7,8,[2]
802,0,1,2,3,c,5,6,h,h,[6]
803,c,1,2,3,4,5,6,h,8,"[2, 4, 6]"
804,0,1,2,h,4,c,c,h,8,[2]
805,h,1,h,3,c,h,h,c,c,[1]
806,0,h,2,3,4,5,6,c,8,"[0, 2, 3, 4, 5, 6, 8]"
807,c,1,h,h,4,c,h,c,8,[4]
808,0,h,h,3,4,c,6,7,c,[0]
809,0,h,2,c,4,c,h,h,c,"[2, 4]"
810,c,h,c,c,4,h,h,c,h,[4]
811,h,h,2,c,4,5,6,7,8,[2]
812,c,h,2,3,4,h,6,7,c,[4]
813,0,h,2,c,c,h,6,c,h,[2]
814,h,1,h,3,4,h,c,7,c,[7]
815,0,1,h,3,c,c,6,h,h,[3]
816,c,h,2,3,4,5,6,h,8,[4]
817,h,1,2,3,4,h,c,7,8,[8]
818,c,h,h,3,4,5,6,c,8,"[6, 8]"
819,h,1,2,3,4,h,6,7,c,"[3, 4, 6]"
820,0,1,h,3,4,h,c,7,8,[8]
821,0,1,2,3,h,c,h,7,c,[2]
822,h,1,c,3,c,5,6,h,8,[6]
823,0,c,2,h,4,5,6,7,8,"[0, 4]"
824,h,c,2,c,h,5,c,h,8,[8]
825,h,c,2,h,4,5,c,h,c,[2]
826,h,c,2,3,h,5,c,h,8,[8]
827,h,c,h,h,h,5,c,7,c,[7]
828,0,1,2,c,4,5,6,h,h,[6]
829,0,1,h,h,c,5,h,c,c,"[0, 1]"
830,c,h,c,3,c,h,h,7,h,[7]
831,0,1,2,c,4,5,h,7,h,[7]
832,h,h,2,c,c,h,6,7,c,[2]
833,h,c,c,3,4,5,6,7,h,[4]
834,c,h,c,h,h,c,c,7,h,[7]
835,0,1,h,3,4,5,6,c,h,[5]
836,0,1,h,h,c,5,6,c,h,[1]
837,h,c,h,3,4,5,c,h,c,"[3, 4, 5]"
838,c,h,h,h,4,h,c,c,8,[8]
839,c,h,h,3,4,5,h,c,8,[4]
840,0,c,2,h,c,5,6,7,h,[7]
841,0,c,h,h,4,c,6,7,8,"[0, 4, 6, 7]"
842,h,1,2,c,4,h,6,h,c,"[1, 2, 4]"
843,0,c,2,h,h,c,6,7,h,[0]
844,c,1,c,3,h,5,h,7,h,[1]
845,0,h,c,3,h,5,6,7,c,[5]
846,0,c,2,c,h,h,h,c,8,[2]
847,0,h,c,3,4,5,6,7,8,"[4, 5, 8]"
848,c,1,h,3,h,c,6,c,h,[6]
849,h,c,c,3,h,5,c,h,8,[8]
850,h,c,2,3,4,h,c,h,c,"[2, 3, 4]"
851,0,1,c,c,h,h,c,h,h,[0]
852,0,1,2,h,c,5,6,7,8,"[0, 1, 2, 6, 7, 8]"
853,c,c,2,h,c,5,6,h,h,[2]
854,c,c,h,h,4,h,6,h,c,[4]
855,h,1,h,3,c,c,h,7,c,[3]
856,0,h,2,3,4,c,6,h,8,[4]
857,0,h,c,h,c,5,6,c,h,[6]
858,c,1,c,3,h,h,6,c,h,[1]
859,0,h,h,h,c,c,h,7,c,[0]
860,c,c,h,3,4,h,6,h,c,[4]
861,0,c,2,h,h,5,c,7,8,[5]
862,h,h,c,h,4,h,6,c,c,[6]
863,0,h,2,3,h,c,h,c,8,[2]
864,c,1,2,c,4,h,h,7,h,"[1, 2, 4, 7]"
865,h,c,2,c,4,5,6,7,h,[4]
866,h,c,2,3,h,5,6,7,8,[8]
867,0,1,c,c,h,5,h,7,h,"[0, 1, 5, 7]"
868,0,c,2,h,4,5,h,h,c,[0]
869,h,1,c,c,h,c,h,h,8,[8]
870,0,h,2,3,h,c,6,7,8,[7]
871,0,c,2,3,h,5,h,7,8,[2]
872,c,c,h,h,h,c,c,h,8,[8]
873,h,1,c,c,c,h,6,h,h,[6]
874,0,1,2,h,h,c,6,7,8,"[0, 2, 6, 8]"
875,c,1,2,c,h,5,6,7,h,[6]
876,c,h,h,3,c,h,6,c,8,[8]
877,h,1,2,c,4,h,c,h,c,"[1, 2, 4]"
878,c,h,2,c,h,c,h,7,8,"[2, 7, 8]"
879,0,1,h,3,4,5,6,h,c,"[1, 4]"
880,h,1,2,3,h,c,h,7,c,[2]
881,c,1,h,3,4,5,6,7,h,[5]
882,0,1,2,h,h,c,h,7,c,[2]
883,c,h,h,3,c,5,h,c,h,[5]
884,c,h,h,3,4,c,6,7,8,"[3, 4]"
885,0,h,2,3,c,h,c,h,c,"[0, 2]"
886,0,c,2,c,4,h,h,h,c,[0]
887,0,c,h,3,h,5,6,7,8,[6]
888,h,c,2,3,4,c,6,7,h,[4]
889,h,1,c,3,4,5,h,7,8,[3]
890,0,1,c,3,h,h,6,h,c,"[0, 1, 3, 6]"
891,0,c,2,h,h,5,6,7,8,[5]
892,h,h,2,3,4,c,c,7,8,[2]
893,0,c,h,c,c,h,h,h,c,[0]
894,0,1,2,h,c,5,c,7,h,[2]
895,0,c,2,3,h,5,6,h,8,"[0, 2, 6, 8]"
896,c,h,h,3,h,c,c,c,h,[3]
897,0,1,2,h,4,c,h,7,8,[0]
898,c,1,2,h,4,c,h,h,8,[8]
899,h,1,c,h,4,5,6,7,c,[5]
900,0,c,h,3,4,c,h,h,8,"[0, 3, 4, 8]"
901,0,h,c,h,c,c,6,h,h,[6]
902,0,1,c,h,c,5,h,h,c,"[0, 5]"
903,0,c,h,c,h,5,c,h,h,[0]
904,0,c,2,3,h,h,6,c,8,[3]
905,c,1,h,c,4,h,h,7,c,[4]
906,c,h,c,h,c,5,h,c,h,[5]
907,c,1,c,c,h,h,6,h,8,"[1, 6]"
908,h,c,h,c,4,h,6,7,c,[7]
909,c,1,2,3,h,h,c,7,h,[3]
910,h,1,h,c,4,c,6,h,c,[4]
911,0,1,2,3,4,5,6,7,8,"[0, 1, 2, 3, 4, 5, 6, 7, 8]"
912,h,1,2,3,c,5,h,7,8,[3]
913,h,c,2,c,h,5,h,7,8,"[2, 5, 7, 8]"
914,c,1,h,h,4,5,6,c,8,"[4, 8]"
915,0,1,h,3,c,5,6,7,8,"[0, 1, 3, 5, 6, 7, 8]"
916,c,h,2,3,c,5,c,h,h,"[2, 3]"
917,0,1,h,c,4,c,6,7,h,[4]
918,c,h,2,h,h,c,c,c,h,[2]
919,c,h,h,c,c,h,6,7,8,"[6, 8]"
920,0,1,c,3,4,h,6,7,8,"[0, 1, 4]"
921,0,1,2,c,4,h,c,7,h,[0]
922,h,c,2,3,c,h,h,7,c,[7]
923,c,h,c,3,h,h,6,c,h,[3]
924,c,1,h,3,c,5,6,h,8,[8]
925,0,1,2,3,h,5,6,7,c,"[0, 1, 2, 3, 5, 6, 7]"
926,0,1,2,3,c,5,h,c,h,[1]
927,c,1,h,3,4,h,6,7,8,[8]
928,c,1,2,3,4,5,h,7,h,[7]
929,c,c,h,h,4,h,6,7,c,[4]
930,h,1,2,3,c,h,h,7,c,[3]
931,0,1,2,3,c,5,6,7,h,"[0, 1, 2, 3, 5, 6, 7]"
932,0,1,2,3,4,5,h,c,8,"[0, 2, 3, 4]"
933,0,h,h,h,c,5,c,7,c,"[0, 7]"
934,c,h,h,3,4,5,c,h,c,"[3, 4]"
935,c,h,h,h,c,c,6,7,h,"[6, 7]"
936,0,1,h,c,4,5,c,7,h,[0]
937,h,1,c,3,4,c,h,7,h,"[1, 3, 4, 7]"
938,0,1,2,3,h,5,c,h,8,[1]
939,c,1,2,h,c,5,h,7,8,[8]
940,0,1,2,3,h,5,h,7,c,[2]
941,0,1,h,3,c,5,h,c,8,[1]
942,0,c,2,3,h,h,c,7,h,"[0, 2, 3, 7]"
943,0,1,c,h,4,5,6,7,8,"[0, 4, 8]"
944,0,h,2,3,c,c,h,7,8,[3]
945,c,c,2,h,4,h,6,h,8,[2]
946,h,c,2,3,4,5,6,c,h,[4]
947,0,1,c,3,4,5,h,7,h,[7]
948,h,1,2,c,4,5,6,7,8,"[1, 2, 4, 8]"
949,c,h,c,h,4,c,h,c,h,[4]
950,h,c,h,3,4,h,c,7,8,[8]
951,0,1,h,c,4,5,6,7,h,[5]
952,h,h,c,3,4,5,6,7,8,"[5, 8]"
953,c,1,h,3,4,5,6,h,c,[4]
954,0,1,h,3,4,5,6,7,c,"[0, 6, 7]"
955,h,h,2,3,4,5,c,c,8,[8]
956,0,1,2,c,4,5,6,7,h,[6]
957,c,1,2,h,h,5,6,c,h,[5]
958,0,c,2,h,4,h,h,c,8,[4]
959,0,1,c,h,h,5,6,7,8,[5]
960,0,h,c,3,c,5,6,7,h,[6]
961,h,1,c,h,4,c,6,h,8,[8]
962,h,c,h,c,c,5,c,h,h,[5]
963,h,1,2,3,4,5,c,h,8,"[1, 4]"
964,0,1,2,h,c,c,h,h,c,"[0, 2]"
965,c,1,2,h,h,c,6,7,8,[2]
966,0,h,h,h,4,c,c,h,c,"[0, 4]"
967,h,h,2,c,4,5,6,c,8,[2]
968,c,h,h,h,h,c,6,c,c,[6]
969,c,h,2,3,4,c,6,7,h,[3]
970,h,h,2,h,h,c,c,c,8,[8]
971,0,1,2,3,4,h,6,7,8,"[2, 3, 4, 8]"
972,0,c,c,c,4,h,h,7,h,[0]
973,0,c,2,3,h,c,6,7,h,[0]
974,h,c,2,h,4,h,c,7,8,[4]
975,c,1,2,c,h,h,6,7,8,[6]
976,0,h,c,c,4,5,h,h,8,"[0, 4, 5, 8]"
977,c,c,2,3,h,5,6,h,8,[2]
978,h,1,h,3,c,h,6,7,c,[1]
979,c,1,h,c,h,5,6,7,8,[6]
980,c,h,2,c,h,5,6,7,8,[6]
981,0,1,2,3,4,c,h,7,h,[7]
982,0,1,c,h,4,c,6,h,8,[8]
983,h,c,h,h,4,5,6,c,8,[4]
984,h,h,c,h,h,5,c,c,8,[8]
985,h,c,c,3,4,h,c,h,h,[4]
986,h,c,h,h,c,c,6,h,c,[6]
987,c,1,2,h,h,5,c,7,8,[5]
988,0,1,c,3,h,c,h,7,h,"[0, 1, 3, 7]"
989,0,h,2,3,4,5,c,c,h,"[0, 2]"
990,0,h,h,3,c,5,c,7,8,[0]
991,c,1,c,h,4,5,h,7,8,[1]
992,0,c,2,h,h,c,h,h,c,[2]
993,h,h,2,c,c,h,6,7,8,[2]
994,0,1,c,h,4,5,c,h,h,[4]
995,0,1,c,3,h,5,h,h,c,[5]
996,h,1,c,h,h,5,c,h,c,[5]
997,c,1,2,3,h,c,h,h,c,[2]
998,0,h,h,h,c,c,h,c,c,[0]
999,c,h,h,3,4,5,c,c,h,[3]
